node_size,ordering_heuristic,evidence_size,evidence_type,iterations,ave time_taken
10,min_degree,1,Lowest Evidence,0,0.1251551628
,,,,,
,,,,,
,,,,,
,,,,,
,,,,,
,,,,,
,,,,,
,,,,,
,,,,,
10,min_degree,2,25% Evidence,0,0.1169215679
,,,,,
,,,,,
,,,,,
,,,,,
,,,,,
,,,,,
,,,,,
,,,,,
,,,,,
10,min_degree,5,50% Evidence,0,0.1184764385
,,,,,
,,,,,
,,,,,
,,,,,
,,,,,
,,,,,
,,,,,
,,,,,
,,,,,
10,min_degree,8,75% Evidence,0,0.1140158653
,,,,,
,,,,,
,,,,,
,,,,,
,,,,,
,,,,,
,,,,,
,,,,,
,,,,,
10,min_degree,9,Maximum Evidence,0,0.1124028444
,,,,,
,,,,,
,,,,,
,,,,,
,,,,,
,,,,,
,,,,,
,,,,,
,,,,,
10,min_fill,1,Lowest Evidence,0,0.1190956593
,,,,,
,,,,,
,,,,,
,,,,,
,,,,,
,,,,,
,,,,,
,,,,,
,,,,,
10,min_fill,2,25% Evidence,0,0.1177812338
,,,,,
,,,,,
,,,,,
,,,,,
,,,,,
,,,,,
,,,,,
,,,,,
,,,,,
10,min_fill,5,50% Evidence,0,0.1167066574
,,,,,
,,,,,
,,,,,
,,,,,
,,,,,
,,,,,
,,,,,
,,,,,
,,,,,
10,min_fill,8,75% Evidence,0,0.1191455841
,,,,,
,,,,,
,,,,,
,,,,,
,,,,,
,,,,,
,,,,,
,,,,,
,,,,,
10,min_fill,9,Maximum Evidence,0,0.1212598801
,,,,,
,,,,,
,,,,,
,,,,,
,,,,,
,,,,,
,,,,,
,,,,,
,,,,,
10,random,1,Lowest Evidence,0,0.1133052826
,,,,,
,,,,,
,,,,,
,,,,,
,,,,,
,,,,,
,,,,,
,,,,,
,,,,,
10,random,2,25% Evidence,0,0.1143289566
,,,,,
,,,,,
,,,,,
,,,,,
,,,,,
,,,,,
,,,,,
,,,,,
,,,,,
10,random,5,50% Evidence,0,0.1160802126
,,,,,
,,,,,
,,,,,
,,,,,
,,,,,
,,,,,
,,,,,
,,,,,
,,,,,
10,random,8,75% Evidence,0,0.1138929844
,,,,,
,,,,,
,,,,,
,,,,,
,,,,,
,,,,,
,,,,,
,,,,,
,,,,,
10,random,9,Maximum Evidence,0,0.1154014349
,,,,,
,,,,,
,,,,,
,,,,,
,,,,,
,,,,,
,,,,,
,,,,,
,,,,,
11,min_degree,1,Lowest Evidence,0,0.1584604502
,,,,,
,,,,,
,,,,,
,,,,,
,,,,,
,,,,,
,,,,,
,,,,,
,,,,,
11,min_degree,3,25% Evidence,0,0.1597629786
,,,,,
,,,,,
,,,,,
,,,,,
,,,,,
,,,,,
,,,,,
,,,,,
,,,,,
11,min_degree,6,50% Evidence,0,0.1586764097
,,,,,
,,,,,
,,,,,
,,,,,
,,,,,
,,,,,
,,,,,
,,,,,
,,,,,
11,min_degree,8,75% Evidence,0,0.1581237793
,,,,,
,,,,,
,,,,,
,,,,,
,,,,,
,,,,,
,,,,,
,,,,,
,,,,,
11,min_degree,10,Maximum Evidence,0,0.158594203
,,,,,
,,,,,
,,,,,
,,,,,
,,,,,
,,,,,
,,,,,
,,,,,
,,,,,
11,min_fill,1,Lowest Evidence,0,0.1616260052
,,,,,
,,,,,
,,,,,
,,,,,
,,,,,
,,,,,
,,,,,
,,,,,
,,,,,
11,min_fill,3,25% Evidence,0,0.1579229593
,,,,,
,,,,,
,,,,,
,,,,,
,,,,,
,,,,,
,,,,,
,,,,,
,,,,,
11,min_fill,6,50% Evidence,0,0.1573497295
,,,,,
,,,,,
,,,,,
,,,,,
,,,,,
,,,,,
,,,,,
,,,,,
,,,,,
11,min_fill,8,75% Evidence,0,0.159575057
,,,,,
,,,,,
,,,,,
,,,,,
,,,,,
,,,,,
,,,,,
,,,,,
,,,,,
11,min_fill,10,Maximum Evidence,0,0.1595219374
,,,,,
,,,,,
,,,,,
,,,,,
,,,,,
,,,,,
,,,,,
,,,,,
,,,,,
11,random,1,Lowest Evidence,0,0.1506238699
,,,,,
,,,,,
,,,,,
,,,,,
,,,,,
,,,,,
,,,,,
,,,,,
,,,,,
11,random,3,25% Evidence,0,0.1531253576
,,,,,
,,,,,
,,,,,
,,,,,
,,,,,
,,,,,
,,,,,
,,,,,
,,,,,
11,random,6,50% Evidence,0,0.1539591074
,,,,,
,,,,,
,,,,,
,,,,,
,,,,,
,,,,,
,,,,,
,,,,,
,,,,,
11,random,8,75% Evidence,0,0.1588852644
,,,,,
,,,,,
,,,,,
,,,,,
,,,,,
,,,,,
,,,,,
,,,,,
,,,,,
11,random,10,Maximum Evidence,0,0.1528864861
,,,,,
,,,,,
,,,,,
,,,,,
,,,,,
,,,,,
,,,,,
,,,,,
,,,,,
12,min_degree,1,Lowest Evidence,0,0.1685356617
,,,,,
,,,,,
,,,,,
,,,,,
,,,,,
,,,,,
,,,,,
,,,,,
,,,,,
12,min_degree,3,25% Evidence,0,0.1684823513
,,,,,
,,,,,
,,,,,
,,,,,
,,,,,
,,,,,
,,,,,
,,,,,
,,,,,
12,min_degree,6,50% Evidence,0,0.164658761
,,,,,
,,,,,
,,,,,
,,,,,
,,,,,
,,,,,
,,,,,
,,,,,
,,,,,
12,min_degree,9,75% Evidence,0,0.1606854916
,,,,,
,,,,,
,,,,,
,,,,,
,,,,,
,,,,,
,,,,,
,,,,,
,,,,,
12,min_degree,11,Maximum Evidence,0,0.1624433994
,,,,,
,,,,,
,,,,,
,,,,,
,,,,,
,,,,,
,,,,,
,,,,,
,,,,,
12,min_fill,1,Lowest Evidence,0,0.1733853579
,,,,,
,,,,,
,,,,,
,,,,,
,,,,,
,,,,,
,,,,,
,,,,,
,,,,,
12,min_fill,3,25% Evidence,0,0.1707857609
,,,,,
,,,,,
,,,,,
,,,,,
,,,,,
,,,,,
,,,,,
,,,,,
,,,,,
12,min_fill,6,50% Evidence,0,0.1693682194
,,,,,
,,,,,
,,,,,
,,,,,
,,,,,
,,,,,
,,,,,
,,,,,
,,,,,
12,min_fill,9,75% Evidence,0,0.1664097309
,,,,,
,,,,,
,,,,,
,,,,,
,,,,,
,,,,,
,,,,,
,,,,,
,,,,,
12,min_fill,11,Maximum Evidence,0,0.1683307886
,,,,,
,,,,,
,,,,,
,,,,,
,,,,,
,,,,,
,,,,,
,,,,,
,,,,,
12,random,1,Lowest Evidence,0,0.1664882183
,,,,,
,,,,,
,,,,,
,,,,,
,,,,,
,,,,,
,,,,,
,,,,,
,,,,,
12,random,3,25% Evidence,0,0.1646595478
,,,,,
,,,,,
,,,,,
,,,,,
,,,,,
,,,,,
,,,,,
,,,,,
,,,,,
12,random,6,50% Evidence,0,0.1615631819
,,,,,
,,,,,
,,,,,
,,,,,
,,,,,
,,,,,
,,,,,
,,,,,
,,,,,
12,random,9,75% Evidence,0,0.1632217884
,,,,,
,,,,,
,,,,,
,,,,,
,,,,,
,,,,,
,,,,,
,,,,,
,,,,,
12,random,11,Maximum Evidence,0,0.166170001
,,,,,
,,,,,
,,,,,
,,,,,
,,,,,
,,,,,
,,,,,
,,,,,
,,,,,
13,min_degree,1,Lowest Evidence,0,0.1901341438
,,,,,
,,,,,
,,,,,
,,,,,
,,,,,
,,,,,
,,,,,
,,,,,
,,,,,
13,min_degree,3,25% Evidence,0,0.1883147001
,,,,,
,,,,,
,,,,,
,,,,,
,,,,,
,,,,,
,,,,,
,,,,,
,,,,,
13,min_degree,6,50% Evidence,0,0.1871907234
,,,,,
,,,,,
,,,,,
,,,,,
,,,,,
,,,,,
,,,,,
,,,,,
,,,,,
13,min_degree,10,75% Evidence,0,0.1863846302
,,,,,
,,,,,
,,,,,
,,,,,
,,,,,
,,,,,
,,,,,
,,,,,
,,,,,
13,min_degree,12,Maximum Evidence,0,0.1923247337
,,,,,
,,,,,
,,,,,
,,,,,
,,,,,
,,,,,
,,,,,
,,,,,
,,,,,
13,min_fill,1,Lowest Evidence,0,0.1932542086
,,,,,
,,,,,
,,,,,
,,,,,
,,,,,
,,,,,
,,,,,
,,,,,
,,,,,
13,min_fill,3,25% Evidence,0,0.1845656872
,,,,,
,,,,,
,,,,,
,,,,,
,,,,,
,,,,,
,,,,,
,,,,,
,,,,,
13,min_fill,6,50% Evidence,0,0.1849806547
,,,,,
,,,,,
,,,,,
,,,,,
,,,,,
,,,,,
,,,,,
,,,,,
,,,,,
13,min_fill,10,75% Evidence,0,0.2004225492
,,,,,
,,,,,
,,,,,
,,,,,
,,,,,
,,,,,
,,,,,
,,,,,
,,,,,
13,min_fill,12,Maximum Evidence,0,0.1940410852
,,,,,
,,,,,
,,,,,
,,,,,
,,,,,
,,,,,
,,,,,
,,,,,
,,,,,
13,random,1,Lowest Evidence,0,0.1933477163
,,,,,
,,,,,
,,,,,
,,,,,
,,,,,
,,,,,
,,,,,
,,,,,
,,,,,
13,random,3,25% Evidence,0,0.1870389223
,,,,,
,,,,,
,,,,,
,,,,,
,,,,,
,,,,,
,,,,,
,,,,,
,,,,,
13,random,6,50% Evidence,0,0.1882151365
,,,,,
,,,,,
,,,,,
,,,,,
,,,,,
,,,,,
,,,,,
,,,,,
,,,,,
13,random,10,75% Evidence,0,0.1879326582
,,,,,
,,,,,
,,,,,
,,,,,
,,,,,
,,,,,
,,,,,
,,,,,
,,,,,
13,random,12,Maximum Evidence,0,0.1904127121
,,,,,
,,,,,
,,,,,
,,,,,
,,,,,
,,,,,
,,,,,
,,,,,
,,,,,
14,min_degree,1,Lowest Evidence,0,0.213731885
,,,,,
,,,,,
,,,,,
,,,,,
,,,,,
,,,,,
,,,,,
,,,,,
,,,,,
14,min_degree,4,25% Evidence,0,0.2097832203
,,,,,
,,,,,
,,,,,
,,,,,
,,,,,
,,,,,
,,,,,
,,,,,
,,,,,
14,min_degree,7,50% Evidence,0,0.2082420349
,,,,,
,,,,,
,,,,,
,,,,,
,,,,,
,,,,,
,,,,,
,,,,,
,,,,,
14,min_degree,10,75% Evidence,0,0.2057529211
,,,,,
,,,,,
,,,,,
,,,,,
,,,,,
,,,,,
,,,,,
,,,,,
,,,,,
14,min_degree,13,Maximum Evidence,0,0.2083971977
,,,,,
,,,,,
,,,,,
,,,,,
,,,,,
,,,,,
,,,,,
,,,,,
,,,,,
14,min_fill,1,Lowest Evidence,0,0.2145466328
,,,,,
,,,,,
,,,,,
,,,,,
,,,,,
,,,,,
,,,,,
,,,,,
,,,,,
14,min_fill,4,25% Evidence,0,0.2068858147
,,,,,
,,,,,
,,,,,
,,,,,
,,,,,
,,,,,
,,,,,
,,,,,
,,,,,
14,min_fill,7,50% Evidence,0,0.2116344213
,,,,,
,,,,,
,,,,,
,,,,,
,,,,,
,,,,,
,,,,,
,,,,,
,,,,,
14,min_fill,10,75% Evidence,0,0.2067630291
,,,,,
,,,,,
,,,,,
,,,,,
,,,,,
,,,,,
,,,,,
,,,,,
,,,,,
14,min_fill,13,Maximum Evidence,0,0.2080730677
,,,,,
,,,,,
,,,,,
,,,,,
,,,,,
,,,,,
,,,,,
,,,,,
,,,,,
14,random,1,Lowest Evidence,0,0.2100018263
,,,,,
,,,,,
,,,,,
,,,,,
,,,,,
,,,,,
,,,,,
,,,,,
,,,,,
14,random,4,25% Evidence,0,0.2097726345
,,,,,
,,,,,
,,,,,
,,,,,
,,,,,
,,,,,
,,,,,
,,,,,
,,,,,
14,random,7,50% Evidence,0,0.1983042717
,,,,,
,,,,,
,,,,,
,,,,,
,,,,,
,,,,,
,,,,,
,,,,,
,,,,,
14,random,10,75% Evidence,0,0.2021757603
,,,,,
,,,,,
,,,,,
,,,,,
,,,,,
,,,,,
,,,,,
,,,,,
,,,,,
14,random,13,Maximum Evidence,0,0.1987501383
,,,,,
,,,,,
,,,,,
,,,,,
,,,,,
,,,,,
,,,,,
,,,,,
,,,,,
15,min_degree,1,Lowest Evidence,0,0.2540846109
,,,,,
,,,,,
,,,,,
,,,,,
,,,,,
,,,,,
,,,,,
,,,,,
,,,,,
15,min_degree,4,25% Evidence,0,0.2482225418
,,,,,
,,,,,
,,,,,
,,,,,
,,,,,
,,,,,
,,,,,
,,,,,
,,,,,
15,min_degree,8,50% Evidence,0,0.2437076807
,,,,,
,,,,,
,,,,,
,,,,,
,,,,,
,,,,,
,,,,,
,,,,,
,,,,,
15,min_degree,11,75% Evidence,0,0.2447103262
,,,,,
,,,,,
,,,,,
,,,,,
,,,,,
,,,,,
,,,,,
,,,,,
,,,,,
15,min_degree,14,Maximum Evidence,0,0.2456224918
,,,,,
,,,,,
,,,,,
,,,,,
,,,,,
,,,,,
,,,,,
,,,,,
,,,,,
15,min_fill,1,Lowest Evidence,0,0.2665174007
,,,,,
,,,,,
,,,,,
,,,,,
,,,,,
,,,,,
,,,,,
,,,,,
,,,,,
15,min_fill,4,25% Evidence,0,0.2519761801
,,,,,
,,,,,
,,,,,
,,,,,
,,,,,
,,,,,
,,,,,
,,,,,
,,,,,
15,min_fill,8,50% Evidence,0,0.2414500237
,,,,,
,,,,,
,,,,,
,,,,,
,,,,,
,,,,,
,,,,,
,,,,,
,,,,,
15,min_fill,11,75% Evidence,0,0.2437578201
,,,,,
,,,,,
,,,,,
,,,,,
,,,,,
,,,,,
,,,,,
,,,,,
,,,,,
15,min_fill,14,Maximum Evidence,0,0.2411177635
,,,,,
,,,,,
,,,,,
,,,,,
,,,,,
,,,,,
,,,,,
,,,,,
,,,,,
15,random,1,Lowest Evidence,0,0.2681261539
,,,,,
,,,,,
,,,,,
,,,,,
,,,,,
,,,,,
,,,,,
,,,,,
,,,,,
15,random,4,25% Evidence,0,0.2569286108
,,,,,
,,,,,
,,,,,
,,,,,
,,,,,
,,,,,
,,,,,
,,,,,
,,,,,
15,random,8,50% Evidence,0,0.2456436157
,,,,,
,,,,,
,,,,,
,,,,,
,,,,,
,,,,,
,,,,,
,,,,,
,,,,,
15,random,11,75% Evidence,0,0.2509576082
,,,,,
,,,,,
,,,,,
,,,,,
,,,,,
,,,,,
,,,,,
,,,,,
,,,,,
15,random,14,Maximum Evidence,0,0.2439249754
,,,,,
,,,,,
,,,,,
,,,,,
,,,,,
,,,,,
,,,,,
,,,,,
,,,,,
16,min_degree,1,Lowest Evidence,0,0.2093557358
,,,,,
,,,,,
,,,,,
,,,,,
,,,,,
,,,,,
,,,,,
,,,,,
,,,,,
16,min_degree,4,25% Evidence,0,0.2066127062
,,,,,
,,,,,
,,,,,
,,,,,
,,,,,
,,,,,
,,,,,
,,,,,
,,,,,
16,min_degree,8,50% Evidence,0,0.2031312943
,,,,,
,,,,,
,,,,,
,,,,,
,,,,,
,,,,,
,,,,,
,,,,,
,,,,,
16,min_degree,12,75% Evidence,0,0.1975160599
,,,,,
,,,,,
,,,,,
,,,,,
,,,,,
,,,,,
,,,,,
,,,,,
,,,,,
16,min_degree,15,Maximum Evidence,0,0.2295118093
,,,,,
,,,,,
,,,,,
,,,,,
,,,,,
,,,,,
,,,,,
,,,,,
,,,,,
16,min_fill,1,Lowest Evidence,0,0.2467316866
,,,,,
,,,,,
,,,,,
,,,,,
,,,,,
,,,,,
,,,,,
,,,,,
,,,,,
16,min_fill,4,25% Evidence,0,0.2190953255
,,,,,
,,,,,
,,,,,
,,,,,
,,,,,
,,,,,
,,,,,
,,,,,
,,,,,
16,min_fill,8,50% Evidence,0,0.1986523151
,,,,,
,,,,,
,,,,,
,,,,,
,,,,,
,,,,,
,,,,,
,,,,,
,,,,,
16,min_fill,12,75% Evidence,0,0.2083612919
,,,,,
,,,,,
,,,,,
,,,,,
,,,,,
,,,,,
,,,,,
,,,,,
,,,,,
16,min_fill,15,Maximum Evidence,0,0.2062738657
,,,,,
,,,,,
,,,,,
,,,,,
,,,,,
,,,,,
,,,,,
,,,,,
,,,,,
16,random,1,Lowest Evidence,0,0.2088551283
,,,,,
,,,,,
,,,,,
,,,,,
,,,,,
,,,,,
,,,,,
,,,,,
,,,,,
16,random,4,25% Evidence,0,0.2003035069
,,,,,
,,,,,
,,,,,
,,,,,
,,,,,
,,,,,
,,,,,
,,,,,
,,,,,
16,random,8,50% Evidence,0,0.1937493324
,,,,,
,,,,,
,,,,,
,,,,,
,,,,,
,,,,,
,,,,,
,,,,,
,,,,,
16,random,12,75% Evidence,0,0.1901972055
,,,,,
,,,,,
,,,,,
,,,,,
,,,,,
,,,,,
,,,,,
,,,,,
,,,,,
16,random,15,Maximum Evidence,0,0.1892507315
,,,,,
,,,,,
,,,,,
,,,,,
,,,,,
,,,,,
,,,,,
,,,,,
,,,,,
17,min_degree,1,Lowest Evidence,0,0.2116963148
,,,,,
,,,,,
,,,,,
,,,,,
,,,,,
,,,,,
,,,,,
,,,,,
,,,,,
17,min_degree,4,25% Evidence,0,0.2059479952
,,,,,
,,,,,
,,,,,
,,,,,
,,,,,
,,,,,
,,,,,
,,,,,
,,,,,
17,min_degree,8,50% Evidence,0,0.2060350657
,,,,,
,,,,,
,,,,,
,,,,,
,,,,,
,,,,,
,,,,,
,,,,,
,,,,,
17,min_degree,13,75% Evidence,0,0.2083766937
,,,,,
,,,,,
,,,,,
,,,,,
,,,,,
,,,,,
,,,,,
,,,,,
,,,,,
17,min_degree,16,Maximum Evidence,0,0.2182721853
,,,,,
,,,,,
,,,,,
,,,,,
,,,,,
,,,,,
,,,,,
,,,,,
,,,,,
17,min_fill,1,Lowest Evidence,0,0.2391082525
,,,,,
,,,,,
,,,,,
,,,,,
,,,,,
,,,,,
,,,,,
,,,,,
,,,,,
17,min_fill,4,25% Evidence,0,0.2132471323
,,,,,
,,,,,
,,,,,
,,,,,
,,,,,
,,,,,
,,,,,
,,,,,
,,,,,
17,min_fill,8,50% Evidence,0,0.2064716816
,,,,,
,,,,,
,,,,,
,,,,,
,,,,,
,,,,,
,,,,,
,,,,,
,,,,,
17,min_fill,13,75% Evidence,0,0.21118927
,,,,,
,,,,,
,,,,,
,,,,,
,,,,,
,,,,,
,,,,,
,,,,,
,,,,,
17,min_fill,16,Maximum Evidence,0,0.2078505754
,,,,,
,,,,,
,,,,,
,,,,,
,,,,,
,,,,,
,,,,,
,,,,,
,,,,,
17,random,1,Lowest Evidence,0,0.2212424994
,,,,,
,,,,,
,,,,,
,,,,,
,,,,,
,,,,,
,,,,,
,,,,,
,,,,,
17,random,4,25% Evidence,0,0.211131835
,,,,,
,,,,,
,,,,,
,,,,,
,,,,,
,,,,,
,,,,,
,,,,,
,,,,,
17,random,8,50% Evidence,0,0.2231355429
,,,,,
,,,,,
,,,,,
,,,,,
,,,,,
,,,,,
,,,,,
,,,,,
,,,,,
17,random,13,75% Evidence,0,0.2075263023
,,,,,
,,,,,
,,,,,
,,,,,
,,,,,
,,,,,
,,,,,
,,,,,
,,,,,
17,random,16,Maximum Evidence,0,0.2190572023
,,,,,
,,,,,
,,,,,
,,,,,
,,,,,
,,,,,
,,,,,
,,,,,
,,,,,
18,min_degree,1,Lowest Evidence,0,0.2829719543
,,,,,
,,,,,
,,,,,
,,,,,
,,,,,
,,,,,
,,,,,
,,,,,
,,,,,
18,min_degree,4,25% Evidence,0,0.2527503729
,,,,,
,,,,,
,,,,,
,,,,,
,,,,,
,,,,,
,,,,,
,,,,,
,,,,,
18,min_degree,9,50% Evidence,0,0.2665969133
,,,,,
,,,,,
,,,,,
,,,,,
,,,,,
,,,,,
,,,,,
,,,,,
,,,,,
18,min_degree,14,75% Evidence,0,0.2551224709
,,,,,
,,,,,
,,,,,
,,,,,
,,,,,
,,,,,
,,,,,
,,,,,
,,,,,
18,min_degree,17,Maximum Evidence,0,0.2491846561
,,,,,
,,,,,
,,,,,
,,,,,
,,,,,
,,,,,
,,,,,
,,,,,
,,,,,
18,min_fill,1,Lowest Evidence,0,0.3094432831
,,,,,
,,,,,
,,,,,
,,,,,
,,,,,
,,,,,
,,,,,
,,,,,
,,,,,
18,min_fill,4,25% Evidence,0,0.2689470291
,,,,,
,,,,,
,,,,,
,,,,,
,,,,,
,,,,,
,,,,,
,,,,,
,,,,,
18,min_fill,9,50% Evidence,0,0.2638178349
,,,,,
,,,,,
,,,,,
,,,,,
,,,,,
,,,,,
,,,,,
,,,,,
,,,,,
18,min_fill,14,75% Evidence,0,0.25555861
,,,,,
,,,,,
,,,,,
,,,,,
,,,,,
,,,,,
,,,,,
,,,,,
,,,,,
18,min_fill,17,Maximum Evidence,0,0.2609421253
,,,,,
,,,,,
,,,,,
,,,,,
,,,,,
,,,,,
,,,,,
,,,,,
,,,,,
18,random,1,Lowest Evidence,0,0.2821053028
,,,,,
,,,,,
,,,,,
,,,,,
,,,,,
,,,,,
,,,,,
,,,,,
,,,,,
18,random,4,25% Evidence,0,0.2594793558
,,,,,
,,,,,
,,,,,
,,,,,
,,,,,
,,,,,
,,,,,
,,,,,
,,,,,
18,random,9,50% Evidence,0,0.2446110964
,,,,,
,,,,,
,,,,,
,,,,,
,,,,,
,,,,,
,,,,,
,,,,,
,,,,,
18,random,14,75% Evidence,0,0.2519393921
,,,,,
,,,,,
,,,,,
,,,,,
,,,,,
,,,,,
,,,,,
,,,,,
,,,,,
18,random,17,Maximum Evidence,0,0.257698369
,,,,,
,,,,,
,,,,,
,,,,,
,,,,,
,,,,,
,,,,,
,,,,,
,,,,,
19,min_degree,1,Lowest Evidence,0,0.2854143381
,,,,,
,,,,,
,,,,,
,,,,,
,,,,,
,,,,,
,,,,,
,,,,,
,,,,,
19,min_degree,5,25% Evidence,0,0.257570219
,,,,,
,,,,,
,,,,,
,,,,,
,,,,,
,,,,,
,,,,,
,,,,,
,,,,,
19,min_degree,10,50% Evidence,0,0.2542453289
,,,,,
,,,,,
,,,,,
,,,,,
,,,,,
,,,,,
,,,,,
,,,,,
,,,,,
19,min_degree,14,75% Evidence,0,0.2647728682
,,,,,
,,,,,
,,,,,
,,,,,
,,,,,
,,,,,
,,,,,
,,,,,
,,,,,
19,min_degree,18,Maximum Evidence,0,0.2563559532
,,,,,
,,,,,
,,,,,
,,,,,
,,,,,
,,,,,
,,,,,
,,,,,
,,,,,
19,min_fill,1,Lowest Evidence,0,0.3413581848
,,,,,
,,,,,
,,,,,
,,,,,
,,,,,
,,,,,
,,,,,
,,,,,
,,,,,
19,min_fill,5,25% Evidence,0,0.2785629034
,,,,,
,,,,,
,,,,,
,,,,,
,,,,,
,,,,,
,,,,,
,,,,,
,,,,,
19,min_fill,10,50% Evidence,0,0.2650200844
,,,,,
,,,,,
,,,,,
,,,,,
,,,,,
,,,,,
,,,,,
,,,,,
,,,,,
19,min_fill,14,75% Evidence,0,0.2640612602
,,,,,
,,,,,
,,,,,
,,,,,
,,,,,
,,,,,
,,,,,
,,,,,
,,,,,
19,min_fill,18,Maximum Evidence,0,0.2632735252
,,,,,
,,,,,
,,,,,
,,,,,
,,,,,
,,,,,
,,,,,
,,,,,
,,,,,
19,random,1,Lowest Evidence,0,0.3273107529
,,,,,
,,,,,
,,,,,
,,,,,
,,,,,
,,,,,
,,,,,
,,,,,
,,,,,
19,random,5,25% Evidence,0,0.2771252394
,,,,,
,,,,,
,,,,,
,,,,,
,,,,,
,,,,,
,,,,,
,,,,,
,,,,,
19,random,10,50% Evidence,0,0.261823678
,,,,,
,,,,,
,,,,,
,,,,,
,,,,,
,,,,,
,,,,,
,,,,,
,,,,,
19,random,14,75% Evidence,0,0.2579639196
,,,,,
,,,,,
,,,,,
,,,,,
,,,,,
,,,,,
,,,,,
,,,,,
,,,,,
19,random,18,Maximum Evidence,0,0.2562267303
,,,,,
,,,,,
,,,,,
,,,,,
,,,,,
,,,,,
,,,,,
,,,,,
,,,,,
20,min_degree,1,Lowest Evidence,0,0.3729088545
,,,,,
,,,,,
,,,,,
,,,,,
,,,,,
,,,,,
,,,,,
,,,,,
,,,,,
20,min_degree,5,25% Evidence,0,0.2940726995
,,,,,
,,,,,
,,,,,
,,,,,
,,,,,
,,,,,
,,,,,
,,,,,
,,,,,
20,min_degree,10,50% Evidence,0,0.2643195629
,,,,,
,,,,,
,,,,,
,,,,,
,,,,,
,,,,,
,,,,,
,,,,,
,,,,,
20,min_degree,15,75% Evidence,0,0.2719809055
,,,,,
,,,,,
,,,,,
,,,,,
,,,,,
,,,,,
,,,,,
,,,,,
,,,,,
20,min_degree,19,Maximum Evidence,0,0.2729124784
,,,,,
,,,,,
,,,,,
,,,,,
,,,,,
,,,,,
,,,,,
,,,,,
,,,,,
20,min_fill,1,Lowest Evidence,0,0.413609314
,,,,,
,,,,,
,,,,,
,,,,,
,,,,,
,,,,,
,,,,,
,,,,,
,,,,,
20,min_fill,5,25% Evidence,0,0.2841252327
,,,,,
,,,,,
,,,,,
,,,,,
,,,,,
,,,,,
,,,,,
,,,,,
,,,,,
20,min_fill,10,50% Evidence,0,0.2823614359
,,,,,
,,,,,
,,,,,
,,,,,
,,,,,
,,,,,
,,,,,
,,,,,
,,,,,
20,min_fill,15,75% Evidence,0,0.2670352221
,,,,,
,,,,,
,,,,,
,,,,,
,,,,,
,,,,,
,,,,,
,,,,,
,,,,,
20,min_fill,19,Maximum Evidence,0,0.2650182962
,,,,,
,,,,,
,,,,,
,,,,,
,,,,,
,,,,,
,,,,,
,,,,,
,,,,,
20,random,1,Lowest Evidence,0,0.3807923079
,,,,,
,,,,,
,,,,,
,,,,,
,,,,,
,,,,,
,,,,,
,,,,,
,,,,,
20,random,5,25% Evidence,0,0.2867206573
,,,,,
,,,,,
,,,,,
,,,,,
,,,,,
,,,,,
,,,,,
,,,,,
,,,,,
20,random,10,50% Evidence,0,0.2792598248
,,,,,
,,,,,
,,,,,
,,,,,
,,,,,
,,,,,
,,,,,
,,,,,
,,,,,
20,random,15,75% Evidence,0,0.2628353357
,,,,,
,,,,,
,,,,,
,,,,,
,,,,,
,,,,,
,,,,,
,,,,,
,,,,,
20,random,19,Maximum Evidence,0,0.284751296
,,,,,
,,,,,
,,,,,
,,,,,
,,,,,
,,,,,
,,,,,
,,,,,
,,,,,
21,min_degree,1,Lowest Evidence,0,0.487527585
,,,,,
,,,,,
,,,,,
,,,,,
,,,,,
,,,,,
,,,,,
,,,,,
,,,,,
21,min_degree,5,25% Evidence,0,0.3079046965
,,,,,
,,,,,
,,,,,
,,,,,
,,,,,
,,,,,
,,,,,
,,,,,
,,,,,
21,min_degree,10,50% Evidence,0,0.283537674
,,,,,
,,,,,
,,,,,
,,,,,
,,,,,
,,,,,
,,,,,
,,,,,
,,,,,
21,min_degree,16,75% Evidence,0,0.2982242346
,,,,,
,,,,,
,,,,,
,,,,,
,,,,,
,,,,,
,,,,,
,,,,,
,,,,,
21,min_degree,20,Maximum Evidence,0,0.2943517447
,,,,,
,,,,,
,,,,,
,,,,,
,,,,,
,,,,,
,,,,,
,,,,,
,,,,,
21,min_fill,1,Lowest Evidence,0,0.549011445
,,,,,
,,,,,
,,,,,
,,,,,
,,,,,
,,,,,
,,,,,
,,,,,
,,,,,
21,min_fill,5,25% Evidence,0,0.2995078802
,,,,,
,,,,,
,,,,,
,,,,,
,,,,,
,,,,,
,,,,,
,,,,,
,,,,,
21,min_fill,10,50% Evidence,0,0.2772846222
,,,,,
,,,,,
,,,,,
,,,,,
,,,,,
,,,,,
,,,,,
,,,,,
,,,,,
21,min_fill,16,75% Evidence,0,0.2864793062
,,,,,
,,,,,
,,,,,
,,,,,
,,,,,
,,,,,
,,,,,
,,,,,
,,,,,
21,min_fill,20,Maximum Evidence,0,0.2879282236
,,,,,
,,,,,
,,,,,
,,,,,
,,,,,
,,,,,
,,,,,
,,,,,
,,,,,
21,random,1,Lowest Evidence,0,0.4405814648
,,,,,
,,,,,
,,,,,
,,,,,
,,,,,
,,,,,
,,,,,
,,,,,
,,,,,
21,random,5,25% Evidence,0,0.3012618303
,,,,,
,,,,,
,,,,,
,,,,,
,,,,,
,,,,,
,,,,,
,,,,,
,,,,,
21,random,10,50% Evidence,0,0.2917255163
,,,,,
,,,,,
,,,,,
,,,,,
,,,,,
,,,,,
,,,,,
,,,,,
,,,,,
21,random,16,75% Evidence,0,0.2784488916
,,,,,
,,,,,
,,,,,
,,,,,
,,,,,
,,,,,
,,,,,
,,,,,
,,,,,
21,random,20,Maximum Evidence,0,0.2947909117
,,,,,
,,,,,
,,,,,
,,,,,
,,,,,
,,,,,
,,,,,
,,,,,
,,,,,
22,min_degree,1,Lowest Evidence,0,0.6065336466
,,,,,
,,,,,
,,,,,
,,,,,
,,,,,
,,,,,
,,,,,
,,,,,
,,,,,
22,min_degree,6,25% Evidence,0,0.36537714
,,,,,
,,,,,
,,,,,
,,,,,
,,,,,
,,,,,
,,,,,
,,,,,
,,,,,
22,min_degree,11,50% Evidence,0,0.3369120359
,,,,,
,,,,,
,,,,,
,,,,,
,,,,,
,,,,,
,,,,,
,,,,,
,,,,,
22,min_degree,16,75% Evidence,0,0.3312563896
,,,,,
,,,,,
,,,,,
,,,,,
,,,,,
,,,,,
,,,,,
,,,,,
,,,,,
22,min_degree,21,Maximum Evidence,0,0.3365424633
,,,,,
,,,,,
,,,,,
,,,,,
,,,,,
,,,,,
,,,,,
,,,,,
,,,,,
22,min_fill,1,Lowest Evidence,0,0.924732399
,,,,,
,,,,,
,,,,,
,,,,,
,,,,,
,,,,,
,,,,,
,,,,,
,,,,,
22,min_fill,6,25% Evidence,0,0.3630341053
,,,,,
,,,,,
,,,,,
,,,,,
,,,,,
,,,,,
,,,,,
,,,,,
,,,,,
22,min_fill,11,50% Evidence,0,0.3309262514
,,,,,
,,,,,
,,,,,
,,,,,
,,,,,
,,,,,
,,,,,
,,,,,
,,,,,
22,min_fill,16,75% Evidence,0,0.3240964174
,,,,,
,,,,,
,,,,,
,,,,,
,,,,,
,,,,,
,,,,,
,,,,,
,,,,,
22,min_fill,21,Maximum Evidence,0,0.3207865238
,,,,,
,,,,,
,,,,,
,,,,,
,,,,,
,,,,,
,,,,,
,,,,,
,,,,,
22,random,1,Lowest Evidence,0,0.7963229179
,,,,,
,,,,,
,,,,,
,,,,,
,,,,,
,,,,,
,,,,,
,,,,,
,,,,,
22,random,6,25% Evidence,0,0.3498613596
,,,,,
,,,,,
,,,,,
,,,,,
,,,,,
,,,,,
,,,,,
,,,,,
,,,,,
22,random,11,50% Evidence,0,0.3407487631
,,,,,
,,,,,
,,,,,
,,,,,
,,,,,
,,,,,
,,,,,
,,,,,
,,,,,
22,random,16,75% Evidence,0,0.3254364729
,,,,,
,,,,,
,,,,,
,,,,,
,,,,,
,,,,,
,,,,,
,,,,,
,,,,,
22,random,21,Maximum Evidence,0,0.329115963
,,,,,
,,,,,
,,,,,
,,,,,
,,,,,
,,,,,
,,,,,
,,,,,
,,,,,
23,min_degree,1,Lowest Evidence,0,0.786669302
,,,,,
,,,,,
,,,,,
,,,,,
,,,,,
,,,,,
,,,,,
,,,,,
,,,,,
23,min_degree,6,25% Evidence,0,0.4195141315
,,,,,
,,,,,
,,,,,
,,,,,
,,,,,
,,,,,
,,,,,
,,,,,
,,,,,
23,min_degree,12,50% Evidence,0,0.3807691336
,,,,,
,,,,,
,,,,,
,,,,,
,,,,,
,,,,,
,,,,,
,,,,,
,,,,,
23,min_degree,17,75% Evidence,0,0.3723191738
,,,,,
,,,,,
,,,,,
,,,,,
,,,,,
,,,,,
,,,,,
,,,,,
,,,,,
23,min_degree,22,Maximum Evidence,0,0.3715607643
,,,,,
,,,,,
,,,,,
,,,,,
,,,,,
,,,,,
,,,,,
,,,,,
,,,,,
23,min_fill,1,Lowest Evidence,0,1.302120805
,,,,,
,,,,,
,,,,,
,,,,,
,,,,,
,,,,,
,,,,,
,,,,,
,,,,,
23,min_fill,6,25% Evidence,0,0.4335366964
,,,,,
,,,,,
,,,,,
,,,,,
,,,,,
,,,,,
,,,,,
,,,,,
,,,,,
23,min_fill,12,50% Evidence,0,0.3812565088
,,,,,
,,,,,
,,,,,
,,,,,
,,,,,
,,,,,
,,,,,
,,,,,
,,,,,
23,min_fill,17,75% Evidence,0,0.3860639572
,,,,,
,,,,,
,,,,,
,,,,,
,,,,,
,,,,,
,,,,,
,,,,,
,,,,,
23,min_fill,22,Maximum Evidence,0,0.3894120455
,,,,,
,,,,,
,,,,,
,,,,,
,,,,,
,,,,,
,,,,,
,,,,,
,,,,,
23,random,1,Lowest Evidence,0,1.329550719
,,,,,
,,,,,
,,,,,
,,,,,
,,,,,
,,,,,
,,,,,
,,,,,
,,,,,
23,random,6,25% Evidence,0,0.4114899397
,,,,,
,,,,,
,,,,,
,,,,,
,,,,,
,,,,,
,,,,,
,,,,,
,,,,,
23,random,12,50% Evidence,0,0.3593127489
,,,,,
,,,,,
,,,,,
,,,,,
,,,,,
,,,,,
,,,,,
,,,,,
,,,,,
23,random,17,75% Evidence,0,0.372453475
,,,,,
,,,,,
,,,,,
,,,,,
,,,,,
,,,,,
,,,,,
,,,,,
,,,,,
23,random,22,Maximum Evidence,0,0.361045289
,,,,,
,,,,,
,,,,,
,,,,,
,,,,,
,,,,,
,,,,,
,,,,,
,,,,,
24,min_degree,1,Lowest Evidence,0,1.387203526
,,,,,
,,,,,
,,,,,
,,,,,
,,,,,
,,,,,
,,,,,
,,,,,
,,,,,
24,min_degree,6,25% Evidence,0,0.4027463675
,,,,,
,,,,,
,,,,,
,,,,,
,,,,,
,,,,,
,,,,,
,,,,,
,,,,,
24,min_degree,12,50% Evidence,0,0.3642549992
,,,,,
,,,,,
,,,,,
,,,,,
,,,,,
,,,,,
,,,,,
,,,,,
,,,,,
24,min_degree,18,75% Evidence,0,0.3514559746
,,,,,
,,,,,
,,,,,
,,,,,
,,,,,
,,,,,
,,,,,
,,,,,
,,,,,
24,min_degree,23,Maximum Evidence,0,0.3506253719
,,,,,
,,,,,
,,,,,
,,,,,
,,,,,
,,,,,
,,,,,
,,,,,
,,,,,
24,min_fill,1,Lowest Evidence,0,1.830462766
,,,,,
,,,,,
,,,,,
,,,,,
,,,,,
,,,,,
,,,,,
,,,,,
,,,,,
24,min_fill,6,25% Evidence,0,0.4168155432
,,,,,
,,,,,
,,,,,
,,,,,
,,,,,
,,,,,
,,,,,
,,,,,
,,,,,
24,min_fill,12,50% Evidence,0,0.3518097639
,,,,,
,,,,,
,,,,,
,,,,,
,,,,,
,,,,,
,,,,,
,,,,,
,,,,,
24,min_fill,18,75% Evidence,0,0.3497725964
,,,,,
,,,,,
,,,,,
,,,,,
,,,,,
,,,,,
,,,,,
,,,,,
,,,,,
24,min_fill,23,Maximum Evidence,0,0.3605289221
,,,,,
,,,,,
,,,,,
,,,,,
,,,,,
,,,,,
,,,,,
,,,,,
,,,,,
24,random,1,Lowest Evidence,0,1.922318697
,,,,,
,,,,,
,,,,,
,,,,,
,,,,,
,,,,,
,,,,,
,,,,,
,,,,,
24,random,6,25% Evidence,0,0.4573866367
,,,,,
,,,,,
,,,,,
,,,,,
,,,,,
,,,,,
,,,,,
,,,,,
,,,,,
24,random,12,50% Evidence,0,0.364921236
,,,,,
,,,,,
,,,,,
,,,,,
,,,,,
,,,,,
,,,,,
,,,,,
,,,,,
24,random,18,75% Evidence,0,0.3721411705
,,,,,
,,,,,
,,,,,
,,,,,
,,,,,
,,,,,
,,,,,
,,,,,
,,,,,
24,random,23,Maximum Evidence,0,0.3424388409
,,,,,
,,,,,
,,,,,
,,,,,
,,,,,
,,,,,
,,,,,
,,,,,
,,,,,
25,min_degree,1,Lowest Evidence,0,5.668642545
,,,,,
,,,,,
,,,,,
,,,,,
,,,,,
,,,,,
,,,,,
,,,,,
,,,,,
25,min_degree,6,25% Evidence,0,0.5270211935
,,,,,
,,,,,
,,,,,
,,,,,
,,,,,
,,,,,
,,,,,
,,,,,
,,,,,
25,min_degree,12,50% Evidence,0,0.3444843769
,,,,,
,,,,,
,,,,,
,,,,,
,,,,,
,,,,,
,,,,,
,,,,,
,,,,,
25,min_degree,19,75% Evidence,0,0.3478955746
,,,,,
,,,,,
,,,,,
,,,,,
,,,,,
,,,,,
,,,,,
,,,,,
,,,,,
25,min_degree,24,Maximum Evidence,0,0.3311621189
,,,,,
,,,,,
,,,,,
,,,,,
,,,,,
,,,,,
,,,,,
,,,,,
,,,,,
25,min_fill,1,Lowest Evidence,0,3.286877203
,,,,,
,,,,,
,,,,,
,,,,,
,,,,,
,,,,,
,,,,,
,,,,,
,,,,,
25,min_fill,6,25% Evidence,0,0.4970799208
,,,,,
,,,,,
,,,,,
,,,,,
,,,,,
,,,,,
,,,,,
,,,,,
,,,,,
25,min_fill,12,50% Evidence,0,0.353138113
,,,,,
,,,,,
,,,,,
,,,,,
,,,,,
,,,,,
,,,,,
,,,,,
,,,,,
25,min_fill,19,75% Evidence,0,0.3497560024
,,,,,
,,,,,
,,,,,
,,,,,
,,,,,
,,,,,
,,,,,
,,,,,
,,,,,
25,min_fill,24,Maximum Evidence,0,0.3556591034
,,,,,
,,,,,
,,,,,
,,,,,
,,,,,
,,,,,
,,,,,
,,,,,
,,,,,
25,random,1,Lowest Evidence,0,4.129315925
,,,,,
,,,,,
,,,,,
,,,,,
,,,,,
,,,,,
,,,,,
,,,,,
,,,,,
25,random,6,25% Evidence,0,0.5307920456
,,,,,
,,,,,
,,,,,
,,,,,
,,,,,
,,,,,
,,,,,
,,,,,
,,,,,
25,random,12,50% Evidence,0,0.3477824926
,,,,,
,,,,,
,,,,,
,,,,,
,,,,,
,,,,,
,,,,,
,,,,,
,,,,,
25,random,19,75% Evidence,0,0.329321003